Workbook

Sheet Color Code
A1: Table 1
A2: Color code | B2: Accounted for in a summary column | C2: Delta variable rewards Example: Daily wins | D2: Mutually Exclusive Conditional column Example: BrawlPass tiers | E2: Non-delta variable rewards Example: Daily freebie
B5: Gems
B6: Keys and
B7: stackable things
B8: that buy resources
B14: Cost
B15: Cycle time
B16: Coins
B17: Power Points
B18: Credits
B19: Bling

Sheet Daily Play
A1: Daily Play Income
A2: Daily play | B2: Total Fixed | C2: Daily 6 wins | D2: In-game shop freebie | E2: Store freebie | F2: Login streak √
A3: Coins | C3: 0 | D3: 20 | E3: 50 | F3: {=1025/60} -> 17.083333
A4: Power Points | C4: 0 | D4: 15 | E4: 25 | F4: {=145/60} -> 2.4166667
A5: Credits | C5: 0 | D5: 5 | E5: 10 | F5: 2.9166667
A6: Bling | C6: 0 | D6: 0 | E6: 10 | F6: 7.9166667
A7: Gems | C7: 0 | D7: 0 | E7: 0.2 | F7: {=6/60} -> 0.1
A8: Brawler Key | C8: 0 | D8: 0 | E8: 0 | F8: 0
A9: Resource Key | C9: 0 | D9: 0 | E9: 0 | F9: 0
A10: Buffie Key | C10: 0 | D10: 0 | E10: 0 | F10: 0
A11: Starr Drop | C11: 5 | D11: 0 | E11: 0 | F11: 9
A12: Epic Drop | C12: 0 | D12: 0 | E12: 0 | F12: 0
A13: Mythic Drop | C13: 0 | D13: 0 | E13: 0 | F13: 0
A14: Legendary Drop | C14: 0 | D14: 0 | E14: 0 | F14: 0
A15: Chaos Drop | C15: 1 | D15: 0 | E15: 0 | F15: 0
A16: Hypercharge Drop | C16: 0 | D16: 0 | E16: 0 | F16: 1
A17: Ranked Drop | C17: 0 | D17: 0 | E17: 0 | F17: 0
A23: Yearly Frequency | C23: 365 | D23: 365 | E23: ? | F23: 365
A24: Cost | C24: 0 | D24: 0 | E24: 0 | F24: 0
A25: Time (each cycle) | B25: 1 | C25: 1 | D25: 1 | E25: 1 | F25: 60
A26: Event Coins Income | B26: {=(C26/C$25+E26/E$25+F26/F$25)*B$25} -> 820.37806 | C26: {=SUM(C$3:C$18*'ValueTransfer'!$B$3:$B$18)} -> 676.2 | D26: {=SUM(D$3:D$18*'ValueTransfer'!$B$3:$B$18)} -> 20 | E26: {=SUM(E$3:E$18*'ValueTransfer'!$B$3:$B$18)} -> 50 | F26: {=SUM(F$3:F$18*'ValueTransfer'!$B$3:$B$18)} -> 5650.6833
A27: Event Power Points Income | B27: {=(C27/C$25+E27/E$25+F27/F$25)*B$25} -> 155.31028 | C27: {=SUM(C$3:C$18*'ValueTransfer'!$C$3:$C$18)} -> 128.2 | D27: {=SUM(D$3:D$18*'ValueTransfer'!$C$3:$C$18)} -> 15 | E27: {=SUM(E$3:E$18*'ValueTransfer'!$C$3:$C$18)} -> 25 | F27: {=SUM(F$3:F$18*'ValueTransfer'!$C$3:$C$18)} -> 126.61667
A28: Event Credits Income | B28: {=(C28/C$25+E28/E$25+F28/F$25)*B$25} -> 107.85361 | C28: {=SUM(C$3:C$18*'ValueTransfer'!$D$3:$D$18)} -> 96.5 | D28: {=SUM(D$3:D$18*'ValueTransfer'!$D$3:$D$18)} -> 5 | E28: {=SUM(E$3:E$18*'ValueTransfer'!$D$3:$D$18)} -> 10 | F28: {=SUM(F$3:F$18*'ValueTransfer'!$D$3:$D$18)} -> 81.216667
A29: Event Bling Income | B29: {=(C29/C$25+E29/E$25+F29/F$25)*B$25} -> 10.131944 | C29: {=SUM(C$3:C$18*'ValueTransfer'!$E$3:$E$18)} -> 0 | D29: {=SUM(D$3:D$18*'ValueTransfer'!$E$3:$E$18)} -> 0 | E29: {=SUM(E$3:E$18*'ValueTransfer'!$E$3:$E$18)} -> 10 | F29: {=SUM(F$3:F$18*'ValueTransfer'!$E$3:$E$18)} -> 7.9166667
A31: Daily Coins Income | B31: {=C31+E31+F31} -> 770.37806 | C31: {=SUM(C$3:C$18*'ValueTransfer'!$B$3:$B$18)/C$25} -> 676.2 | D31: {=SUM(D$3:D$18*'ValueTransfer'!$B$3:$B$18)/D$25} -> 20 | F31: {=SUM(F$3:F$18*'ValueTransfer'!$B$3:$B$18)/F$25} -> 94.178056
A32: Daily Power Points Income | B32: {=C32+E32+F32} -> 130.31028 | C32: {=SUM(C$3:C$18*'ValueTransfer'!$C$3:$C$18)/C$25} -> 128.2 | D32: {=SUM(D$3:D$18*'ValueTransfer'!$C$3:$C$18)/D$25} -> 15 | F32: {=SUM(F$3:F$18*'ValueTransfer'!$C$3:$C$18)/F$25} -> 2.1102778
A33: Daily Credits Income | B33: {=C33+E33+F33} -> 97.853611 | C33: {=SUM(C$3:C$18*'ValueTransfer'!$D$3:$D$18)/C$25} -> 96.5 | D33: {=SUM(D$3:D$18*'ValueTransfer'!$D$3:$D$18)/D$25} -> 5 | F33: {=SUM(F$3:F$18*'ValueTransfer'!$D$3:$D$18)/F$25} -> 1.3536111
A34: Daily Bling Income | B34: {=C34+E34+F34} -> 0.13194444 | C34: {=SUM(C$3:C$18*'ValueTransfer'!$E$3:$E$18)/C$25} -> 0 | D34: {=SUM(D$3:D$18*'ValueTransfer'!$E$3:$E$18)/D$25} -> 0 | F34: {=SUM(F$3:F$18*'ValueTransfer'!$E$3:$E$18)/F$25} -> 0.13194444
A36: Sources | F36: https://brawlstars.fandom.com/wiki/Daily_Streak

Sheet Brawl Pass
A1: Brawl Pass Income
A2: Brawl Pass | B2: Free √ | C2: Regular √ | D2: Plus √ | E2: 1 Tail reward
A3: Coins | B3: {=12500+500} -> 13000 | C3: {=9500+500+B3} -> 23000 | D3: {=12500+500+B3} -> 26000 | E3: 50
A4: Power Points | B4: {=3600+1000} -> 4600 | C4: {=2500+1000+B4} -> 8100 | D4: {=4000+1000+B4} -> 9600 | E4: 20
A5: Credits | B5: 1400 | C5: {=2500+B5} -> 3900 | D5: {=2500+B5} -> 3900 | E5: 20
A6: Bling | B6: 200 | C6: {=3200+B6} -> 3400 | D6: {=4700+B6} -> 4900 | E6: 20
A7: Gems | B7: {=50+30} -> 80 | C7: {=50+B7} -> 130 | D7: {=150+B7} -> 230 | E7: 0
A8: Brawler Key | B8: 0 | C8: 1 | D8: 2 | E8: 0
A9: Resource Key | B9: 1 | C9: 2 | D9: 3 | E9: 0
A10: Buffie Key | B10: 1 | C10: {=0+B10} -> 1 | D10: {=1+B10} -> 2 | E10: 0
A11: Starr Drop | B11: {=18+8} -> 26 | C11: {=B11} -> 26 | D11: {=B11} -> 26 | E11: 0
A12: Epic Drop | B12: 0 | C12: {=B12} -> 0 | D12: {=B12} -> 0 | E12: 0
A13: Mythic Drop | B13: 0 | C13: {=B13} -> 0 | D13: {=B13} -> 0 | E13: 0
A14: Legendary Drop | B14: 1 | C14: {=B14} -> 1 | D14: {=B14} -> 1 | E14: 0
A15: Chaos Drop | B15: 6 | C15: {=B15+3} -> 9 | D15: {=B15+3} -> 9 | E15: 0
A16: Hypercharge Drop | B16: 0 | C16: {=B16} -> 0 | D16: {=B16} -> 0 | E16: 0
A17: Ranked Drop | B17: 0 | C17: {=B17} -> 0 | D17: {=B17} -> 0 | E17: 0
A18: XP | B18: {=16500+(400+1000)*B25} -> 59083.333 | C18: {=$B18+7500+(200+500)*C25} -> 87875 | D18: {=$B18+7500+(200+500)*D25} -> 87875 | E18: 0
A19: Mega Box | B19: {=2+2} -> 4 | C19: {=0+B19} -> 4 | D19: {=0+B19} -> 4 | E19: 0
A23: Yearly Frequency | B23: 12 | C23: 12 | D23: 12
A24: Cost | B24: 0 | C24: 6.49 | D24: 9.99 | E24: 0
A25: Time (days) | B25: {=365/12} -> 30.416667 | C25: {=365/12} -> 30.416667 | D25: {=365/12} -> 30.416667 | E25: {=365/12} -> 30.416667
A26: Event Coins Income | B26: {=SUM(B$3:B$18*'ValueTransfer'!$B$3:$B$18)} -> 17846 | C26: {=SUM(C$3:C$18*'ValueTransfer'!$B$3:$B$18)} -> 28818.6 | D26: {=SUM(D$3:D$18*'ValueTransfer'!$B$3:$B$18)} -> 32818.6 | E26: {=SUM(E$3:E$18*'ValueTransfer'!$B$3:$B$18)} -> 50
A27: Event Power Points Income | B27: {=SUM(B$3:B$18*'ValueTransfer'!$C$3:$C$18)} -> 9327.8 | C27: {=SUM(C$3:C$18*'ValueTransfer'!$C$3:$C$18)} -> 15005.4 | D27: {=SUM(D$3:D$18*'ValueTransfer'!$C$3:$C$18)} -> 20505.4 | E27: {=SUM(E$3:E$18*'ValueTransfer'!$C$3:$C$18)} -> 20
A28: Event Credits Income | B28: {=SUM(B$3:B$18*'ValueTransfer'!$D$3:$D$18)} -> 1952.9 | C28: {=SUM(C$3:C$18*'ValueTransfer'!$D$3:$D$18)} -> 5561.9 | D28: {=SUM(D$3:D$18*'ValueTransfer'!$D$3:$D$18)} -> 6511.9 | E28: {=SUM(E$3:E$18*'ValueTransfer'!$D$3:$D$18)} -> 20
A29: Event Bling Income | B29: {=SUM(B$3:B$18*'ValueTransfer'!$E$3:$E$18)} -> 200 | C29: {=SUM(C$3:C$18*'ValueTransfer'!$E$3:$E$18)} -> 3400 | D29: {=SUM(D$3:D$18*'ValueTransfer'!$E$3:$E$18)} -> 4900 | E29: {=SUM(E$3:E$18*'ValueTransfer'!$E$3:$E$18)} -> 20
A31: Daily Coins Income | B31: {=SUM(B$3:B$18*'ValueTransfer'!$B$3:$B$18)/B$25} -> 586.71781 | C31: {=SUM(C$3:C$18*'ValueTransfer'!$B$3:$B$18)/C$25} -> 947.46082 | D31: {=SUM(D$3:D$18*'ValueTransfer'!$B$3:$B$18)/D$25} -> 1078.9677 | E31: {=SUM(E$3:E$18*'ValueTransfer'!$B$3:$B$18)/E$25} -> 1.6438356
A32: Daily Power Points Income | B32: {=SUM(B$3:B$18*'ValueTransfer'!$C$3:$C$18)/B$25} -> 306.6674 | C32: {=SUM(C$3:C$18*'ValueTransfer'!$C$3:$C$18)/C$25} -> 493.32822 | D32: {=SUM(D$3:D$18*'ValueTransfer'!$C$3:$C$18)/D$25} -> 674.15014 | E32: {=SUM(E$3:E$18*'ValueTransfer'!$C$3:$C$18)/E$25} -> 0.65753425
A33: Daily Credits Income | B33: {=SUM(B$3:B$18*'ValueTransfer'!$D$3:$D$18)/B$25} -> 64.204932 | C33: {=SUM(C$3:C$18*'ValueTransfer'!$D$3:$D$18)/C$25} -> 182.85699 | D33: {=SUM(D$3:D$18*'ValueTransfer'!$D$3:$D$18)/D$25} -> 214.08986 | E33: {=SUM(E$3:E$18*'ValueTransfer'!$D$3:$D$18)/E$25} -> 0.65753425
A34: Daily Bling Income | B34: {=SUM(B$3:B$18*'ValueTransfer'!$E$3:$E$18)/B$25} -> 6.5753425 | C34: {=SUM(C$3:C$18*'ValueTransfer'!$E$3:$E$18)/C$25} -> 111.78082 | D34: {=SUM(D$3:D$18*'ValueTransfer'!$E$3:$E$18)/D$25} -> 161.09589 | E34: {=SUM(E$3:E$18*'ValueTransfer'!$E$3:$E$18)/E$25} -> 0.65753425
A36: Sources | B36: i just counted ingame (april 2026) | C36: i just counted ingame (april 2026) | D36: i just counted ingame (april 2026) | E36: duh

Sheet Ranked Pass
A1: Ranked Pass Income
A2: Brawl Pass √ | B2: Free √ | C2: Pro √ | D2: 1 Tail Reward √
A3: Coins | B3: 0 | C3: {=10000+B3} -> 10000 | D3: 0
A4: Power Points | B4: 0 | C4: {=0+B4} -> 0 | D4: 0
A5: Credits | B5: 0 | C5: {=0+B5} -> 0 | D5: 0
A6: Bling | B6: 0 | C6: {=0+B6} -> 0 | D6: 0
A7: Gems | B7: 50 | C7: {=600+B7} -> 650 | D7: 0
A8: Brawler Key | B8: 0 | C8: {=0+B8} -> 0 | D8: 0
A9: Resource Key | B9: 0 | C9: {=0+B9} -> 0 | D9: 0
A10: Buffie Key | B10: 0 | C10: {=0+B10} -> 0 | D10: 0
A11: Starr Drop | B11: 0 | C11: {=0+B11} -> 0 | D11: 0
A12: Epic Drop | B12: 0 | C12: {=0+B12} -> 0 | D12: 0
A13: Mythic Drop | B13: 8 | C13: {=0+B13} -> 8 | D13: 0
A14: Legendary Drop | B14: 8 | C14: {=0+B14} -> 8 | D14: 1
A15: Chaos Drop | B15: 0 | C15: {=0+B15} -> 0 | D15: 0
A16: Hypercharge Drop | B16: 1 | C16: {=0+B16} -> 1 | D16: 0
A17: Ranked Drop | B17: 34 | C17: {=0+B17} -> 34 | D17: 0
A23: Yearly Frequency | B23: 4 | C23: 4
A24: Cost | B24: 0 | C24: 17.99 | D24: 0
A25: Time (days) | B25: {=365/4} -> 91.25 | C25: {=365/4} -> 91.25 | D25: {=365/4} -> 91.25
A26: Event Coins Income | B26: {=SUM(B$3:B$18*'ValueTransfer'!$B$3:$B$18)} -> 6126.4 | C26: {=SUM(C$3:C$18*'ValueTransfer'!$B$3:$B$18)} -> 16126.4 | D26: {=SUM(D$3:D$18*'ValueTransfer'!$B$3:$B$18)} -> 70.4
A27: Event Power Points Income | B27: {=SUM(B$3:B$18*'ValueTransfer'!$C$3:$C$18)} -> 220.8 | C27: {=SUM(C$3:C$18*'ValueTransfer'!$C$3:$C$18)} -> 220.8 | D27: {=SUM(D$3:D$18*'ValueTransfer'!$C$3:$C$18)} -> 13.8
A28: Event Credits Income | B28: {=SUM(B$3:B$18*'ValueTransfer'!$D$3:$D$18)} -> 139.2 | C28: {=SUM(C$3:C$18*'ValueTransfer'!$D$3:$D$18)} -> 139.2 | D28: {=SUM(D$3:D$18*'ValueTransfer'!$D$3:$D$18)} -> 8.7
A29: Event Bling Income | B29: {=SUM(B$3:B$18*'ValueTransfer'!$E$3:$E$18)} -> 3400 | C29: {=SUM(C$3:C$18*'ValueTransfer'!$E$3:$E$18)} -> 3400 | D29: {=SUM(D$3:D$18*'ValueTransfer'!$E$3:$E$18)} -> 0
A31: Daily Coins Income | B31: {=SUM(B$3:B$18*'ValueTransfer'!$B$3:$B$18)/B$25} -> 67.13863 | C31: {=SUM(C$3:C$18*'ValueTransfer'!$B$3:$B$18)/C$25} -> 176.72767 | D31: {=SUM(D$3:D$18*'ValueTransfer'!$B$3:$B$18)/D$25} -> 0.77150685
A32: Daily Power Points Income | B32: {=SUM(B$3:B$18*'ValueTransfer'!$C$3:$C$18)/B$25} -> 2.419726 | C32: {=SUM(C$3:C$18*'ValueTransfer'!$C$3:$C$18)/C$25} -> 2.419726 | D32: {=SUM(D$3:D$18*'ValueTransfer'!$C$3:$C$18)/D$25} -> 0.15123288
A33: Daily Credits Income | B33: {=SUM(B$3:B$18*'ValueTransfer'!$D$3:$D$18)/B$25} -> 1.5254795 | C33: {=SUM(C$3:C$18*'ValueTransfer'!$D$3:$D$18)/C$25} -> 1.5254795 | D33: {=SUM(D$3:D$18*'ValueTransfer'!$D$3:$D$18)/D$25} -> 0.095342466
A34: Daily Bling Income | B34: {=SUM(B$3:B$18*'ValueTransfer'!$E$3:$E$18)/B$25} -> 37.260274 | C34: {=SUM(C$3:C$18*'ValueTransfer'!$E$3:$E$18)/C$25} -> 37.260274 | D34: {=SUM(D$3:D$18*'ValueTransfer'!$E$3:$E$18)/D$25} -> 0
A36: Sources | B36: i just counted ingame (april 2026) | C36: i just counted ingame (april 2026) | D36: duh

Sheet Standard events
A1: Daily Play Income
A2: Daily play | B2: Mega Pig √ | C2: Total (New Brawler Event) | D2: New Mythic Brawler Event √ | E2: New Leg Brawler Event | F2: New UL Brawler Event √ | G2: Total (rushes) | H2: Coin Rush | I2: Power Rush | J2: Starr Rush | K2: Chaos Rush
A3: Coins | B3: 510 | D3: 1358.72 | F3: 2831.84 | H3: 1200 | I3: 0 | J3: 0 | K3: 0
A4: Power Points | B4: 213 | D4: 256 | F4: 1490.72 | H4: 0 | I4: 1200 | J4: 0 | K4: 0
A5: Credits | B5: 0 | D5: 208 | F5: 352 | H5: 0 | I5: 0 | J5: 0 | K5: 0
A6: Bling | B6: 106 | D6: 238.08 | F6: 0 | H6: 0 | I6: 0 | J6: 0 | K6: 0
A7: Gems | B7: 0 | C7: {=SUM(D7:F7)} -> 0 | D7: 0 | F7: 0 | H7: 0 | I7: 0 | J7: 0 | K7: 0
A8: Brawler Key | B8: 0 | C8: {=SUM(D8:F8)} -> 0 | D8: 0 | F8: 0 | H8: 0 | I8: 0 | J8: 0 | K8: 0
A9: Resource Key | B9: 0 | C9: 0 | D9: 0 | F9: 0 | H9: 0 | I9: 0 | J9: 0 | K9: 0
A10: Buffie | B10: 0 | C10: {=SUM(D10:F10)} -> 0 | D10: 0 | F10: 0 | H10: 0 | I10: 0 | J10: 0 | K10: 0
A11: Starr Drop | B11: 20 | D11: 0 | F11: 0 | H11: 0 | I11: 0 | J11: 9 | K11: 0
A12: Epic Drop | B12: 0 | D12: 0 | F12: 0 | H12: 0 | I12: 0 | J12: 0 | K12: 0
A13: Mythic Drop | B13: 0 | D13: 0 | F13: 0 | H13: 0 | I13: 0 | J13: 0 | K13: 0
A14: Legendary Drop | B14: 0 | D14: 0 | F14: 0 | H14: 0 | I14: 0 | J14: 0 | K14: 0
A15: Chaos Drop | B15: 0 | D15: 0 | F15: 0 | H15: 0 | I15: 0 | J15: 0 | K15: 4
A16: Hypercharge Drop | B16: 0 | D16: 0 | F16: 0 | H16: 0 | I16: 0 | J16: 0 | K16: 0
A17: Ranked Drop | B17: 0 | D17: 0 | F17: 0 | H17: 0 | I17: 0 | J17: 0 | K17: 0
A23: Yearly Frequency | B23: 12 | D23: 4 | E23: 2 | F23: 1 | H23: 10 | I23: 10 | J23: 10 | K23: 5
A24: Cost | B24: 0
A25: Time (days) | B25: {=365/12} -> 30.416667 | C25: {=365/12} -> 30.416667 | G25: 10
A26: Event Coins Income | B26: {=SUM(B$3:B$18*'ValueTransfer'!$B$3:$B$18)} -> 1918 | C26: {=SUM(D26:F26)} -> 4190.56 | D26: {=SUM(D$3:D$18*'ValueTransfer'!$B$3:$B$18)} -> 1358.72 | E26: {=SUM(E$3:E$18*'ValueTransfer'!$B$3:$B$18)} -> 0 | F26: {=SUM(F$3:F$18*'ValueTransfer'!$B$3:$B$18)} -> 2831.84 | G26: {=SUM(H26:K26)} -> 3130.4 | H26: {=SUM(H$3:H$18*'ValueTransfer'!$B$3:$B$18)} -> 1200 | I26: {=SUM(I$3:I$18*'ValueTransfer'!$B$3:$B$18)} -> 0 | J26: {=SUM(J$3:J$18*'ValueTransfer'!$B$3:$B$18)} -> 633.6 | K26: {=SUM(K$3:K$18*'ValueTransfer'!$B$3:$B$18)} -> 1296.8
A27: Event Power Points Income | B27: {=SUM(B$3:B$18*'ValueTransfer'!$C$3:$C$18)} -> 489 | C27: {=SUM(D27:F27)} -> 1746.72 | D27: {=SUM(D$3:D$18*'ValueTransfer'!$C$3:$C$18)} -> 256 | E27: {=SUM(E$3:E$18*'ValueTransfer'!$C$3:$C$18)} -> 0 | F27: {=SUM(F$3:F$18*'ValueTransfer'!$C$3:$C$18)} -> 1490.72 | G27: {=SUM(H27:K27)} -> 1561 | H27: {=SUM(H$3:H$18*'ValueTransfer'!$C$3:$C$18)} -> 0 | I27: {=SUM(I$3:I$18*'ValueTransfer'!$C$3:$C$18)} -> 1200 | J27: {=SUM(J$3:J$18*'ValueTransfer'!$C$3:$C$18)} -> 124.2 | K27: {=SUM(K$3:K$18*'ValueTransfer'!$C$3:$C$18)} -> 236.8
A28: Event Credits Income | B28: {=SUM(B$3:B$18*'ValueTransfer'!$D$3:$D$18)} -> 174 | C28: {=SUM(D28:F28)} -> 560 | D28: {=SUM(D$3:D$18*'ValueTransfer'!$D$3:$D$18)} -> 208 | E28: {=SUM(E$3:E$18*'ValueTransfer'!$D$3:$D$18)} -> 0 | F28: {=SUM(F$3:F$18*'ValueTransfer'!$D$3:$D$18)} -> 352 | G28: {=SUM(H28:K28)} -> 290.3 | H28: {=SUM(H$3:H$18*'ValueTransfer'!$D$3:$D$18)} -> 0 | I28: {=SUM(I$3:I$18*'ValueTransfer'!$D$3:$D$18)} -> 0 | J28: {=SUM(J$3:J$18*'ValueTransfer'!$D$3:$D$18)} -> 78.3 | K28: {=SUM(K$3:K$18*'ValueTransfer'!$D$3:$D$18)} -> 212
A29: Event Bling Income | B29: {=SUM(B$3:B$18*'ValueTransfer'!$E$3:$E$18)} -> 106 | C29: {=SUM(D29:F29)} -> 238.08 | D29: {=SUM(D$3:D$18*'ValueTransfer'!$E$3:$E$18)} -> 238.08 | E29: {=SUM(E$3:E$18*'ValueTransfer'!$E$3:$E$18)} -> 0 | F29: {=SUM(F$3:F$18*'ValueTransfer'!$E$3:$E$18)} -> 0 | G29: {=SUM(H29:K29)} -> 0 | H29: {=SUM(H$3:H$18*'ValueTransfer'!$E$3:$E$18)} -> 0 | I29: {=SUM(I$3:I$18*'ValueTransfer'!$E$3:$E$18)} -> 0 | J29: {=SUM(J$3:J$18*'ValueTransfer'!$E$3:$E$18)} -> 0 | K29: {=SUM(K$3:K$18*'ValueTransfer'!$E$3:$E$18)} -> 0
A31: Daily Coins Income | B31: {=SUM(B$3:B$18*'ValueTransfer'!$B$3:$B$18)/B$25} -> 63.057534 | C31: {=SUM(C$3:C$18*'ValueTransfer'!$B$3:$B$18)*C$23/365} -> 0 | D31: {=SUM(D$3:D$18*'ValueTransfer'!$B$3:$B$18)*D$23/365} -> 14.890082 | E31: {=SUM(E$3:E$18*'ValueTransfer'!$B$3:$B$18)*E$23/365} -> 0 | F31: {=SUM(F$3:F$18*'ValueTransfer'!$B$3:$B$18)*F$23/365} -> 7.7584658 | G31: {=H31+J31+K31} -> 68 | H31: {=SUM(H$3:H$18*'ValueTransfer'!$B$3:$B$18)*H$23/365} -> 32.876712 | I31: {=SUM(I$3:I$18*'ValueTransfer'!$B$3:$B$18)*I$23/365} -> 0 | J31: {=SUM(J$3:J$18*'ValueTransfer'!$B$3:$B$18)*J$23/365} -> 17.358904 | K31: {=SUM(K$3:K$18*'ValueTransfer'!$B$3:$B$18)*K$23/365} -> 17.764384
A32: Daily Power Points Income | B32: {=SUM(B$3:B$18*'ValueTransfer'!$C$3:$C$18)/B$25} -> 16.076712 | C32: {=SUM(C$3:C$18*'ValueTransfer'!$C$3:$C$18)*C23/365} -> 0 | D32: {=SUM(D$3:D$18*'ValueTransfer'!$C$3:$C$18)*D23/365} -> 2.8054795 | E32: {=SUM(E$3:E$18*'ValueTransfer'!$C$3:$C$18)*E23/365} -> 0 | F32: {=SUM(F$3:F$18*'ValueTransfer'!$C$3:$C$18)*F23/365} -> 4.0841644 | G32: {=H32+J32+K32} -> 6.6465753 | H32: {=SUM(H$3:H$18*'ValueTransfer'!$C$3:$C$18)*H23/365} -> 0 | I32: {=SUM(I$3:I$18*'ValueTransfer'!$C$3:$C$18)*I23/365} -> 32.876712 | J32: {=SUM(J$3:J$18*'ValueTransfer'!$C$3:$C$18)*J23/365} -> 3.4027397 | K32: {=SUM(K$3:K$18*'ValueTransfer'!$C$3:$C$18)*K23/365} -> 3.2438356
A33: Daily Credits Income | B33: {=SUM(B$3:B$18*'ValueTransfer'!$D$3:$D$18)/B$25} -> 5.7205479 | C33: {=SUM(C$3:C$18*'ValueTransfer'!$D$3:$D$18)*C23/365} -> 0 | D33: {=SUM(D$3:D$18*'ValueTransfer'!$D$3:$D$18)*D23/365} -> 2.2794521 | E33: {=SUM(E$3:E$18*'ValueTransfer'!$D$3:$D$18)*E23/365} -> 0 | F33: {=SUM(F$3:F$18*'ValueTransfer'!$D$3:$D$18)*F23/365} -> 0.96438356 | G33: {=H33+J33+K33} -> 5.0493151 | H33: {=SUM(H$3:H$18*'ValueTransfer'!$D$3:$D$18)*H23/365} -> 0 | I33: {=SUM(I$3:I$18*'ValueTransfer'!$D$3:$D$18)*I23/365} -> 0 | J33: {=SUM(J$3:J$18*'ValueTransfer'!$D$3:$D$18)*J23/365} -> 2.1452055 | K33: {=SUM(K$3:K$18*'ValueTransfer'!$D$3:$D$18)*K23/365} -> 2.9041096
A34: Daily Bling Income | B34: {=SUM(B$3:B$18*'ValueTransfer'!$E$3:$E$18)/B$25} -> 3.4849315 | C34: {=SUM(C$3:C$18*'ValueTransfer'!$E$3:$E$18)*C23/365} -> 0 | D34: {=SUM(D$3:D$18*'ValueTransfer'!$E$3:$E$18)*D23/365} -> 2.6090959 | E34: {=SUM(E$3:E$18*'ValueTransfer'!$E$3:$E$18)*E23/365} -> 0 | F34: {=SUM(F$3:F$18*'ValueTransfer'!$E$3:$E$18)*F23/365} -> 0 | G34: {=H34+J34+K34} -> 0 | H34: {=SUM(H$3:H$18*'ValueTransfer'!$E$3:$E$18)*H23/365} -> 0 | I34: {=SUM(I$3:I$18*'ValueTransfer'!$E$3:$E$18)*I23/365} -> 0 | J34: {=SUM(J$3:J$18*'ValueTransfer'!$E$3:$E$18)*J23/365} -> 0 | K34: {=SUM(K$3:K$18*'ValueTransfer'!$E$3:$E$18)*K23/365} -> 0
A36: Sources | B36: https://brawlstars.fandom.com/wiki/Mega_Pig | D36: https://docs.google.com/document/d/1PbqTDjwGPuzl7F7BSsfYLgZKp2scx4zprCahzk_HGnY/edit?tab=t.0 | H36: https://brawlstars.fandom.com/wiki/Rush_Events

Sheet Challenges
A1: Brawl Pass Income
A2: Brawl Pass | B2: Championship Chall | C2: Random Challenges (total)
A3: Coins | B3: 0 | C3: 0
A4: Power Points | B4: 0 | C4: 0
A5: Credits | B5: 0 | C5: 0
A6: Bling | B6: 0 | C6: 0
A7: Gems | B7: 0 | C7: 0
A8: Brawler Key | B8: 0 | C8: 0
A9: Resource Key | B9: 0 | C9: 0
A10: Buffie Key | B10: 0 | C10: 0
A11: Starr Drop | B11: 10 | C11: 0
A12: Epic Drop | B12: 0 | C12: 0
A13: Mythic Drop | B13: 0 | C13: 0
A14: Legendary Drop | B14: 0 | C14: 0
... A17: Ranked Drop | B17: 0 | C17: 0
A23: Yearly Frequency | B23: 12
A24: Cost | B24: 0 | C24: 0 | D24: 0 | E24: 0
A25: Time (days) | B25: {=365/12} -> 30.416667 | C25: 1 | D25: {=365/12} -> 30.416667 | E25: {=365/12} -> 30.416667
A26: Event Coins Income | B26: {=SUM(B$3:B$18*'ValueTransfer'!$B$3:$B$18)} -> 2325 | C26: {=SUM(C$3:C$18*'ValueTransfer'!$B$3:$B$18)} -> 0 | D26: {=SUM(D$3:D$18*'ValueTransfer'!$B$3:$B$18)} -> 0 | E26: {=SUM(E$3:E$18*'ValueTransfer'!$B$3:$B$18)} -> 0
A27: Event Power Points Income | B27: {=SUM(B$3:B$18*'ValueTransfer'!$C$3:$C$18)} -> 434 | C27: {=SUM(C$3:C$18*'ValueTransfer'!$C$3:$C$18)} -> 0 | D27: {=SUM(D$3:D$18*'ValueTransfer'!$C$3:$C$18)} -> 0 | E27: {=SUM(E$3:E$18*'ValueTransfer'!$C$3:$C$18)} -> 0
A28: Event Credits Income | B28: {=SUM(B$3:B$18*'ValueTransfer'!$D$3:$D$18)} -> 352 | C28: {=SUM(C$3:C$18*'ValueTransfer'!$D$3:$D$18)} -> 0 | D28: {=SUM(D$3:D$18*'ValueTransfer'!$D$3:$D$18)} -> 0 | E28: {=SUM(E$3:E$18*'ValueTransfer'!$D$3:$D$18)} -> 0
A29: Event Bling Income | B29: {=SUM(B$3:B$18*'ValueTransfer'!$E$3:$E$18)} -> 0 | C29: {=SUM(C$3:C$18*'ValueTransfer'!$E$3:$E$18)} -> 0 | D29: {=SUM(D$3:D$18*'ValueTransfer'!$E$3:$E$18)} -> 0 | E29: {=SUM(E$3:E$18*'ValueTransfer'!$E$3:$E$18)} -> 0
A31: Daily Coins Income | B31: {=SUM(B$3:B$18*'ValueTransfer'!$B$3:$B$18)/B$25} -> 76.438356 | C31: {=SUM(C$3:C$18*'ValueTransfer'!$B$3:$B$18)/C$25} -> 0 | D31: {=SUM(D$3:D$18*'ValueTransfer'!$B$3:$B$18)/D$25} -> 0 | E31: {=SUM(E$3:E$18*'ValueTransfer'!$B$3:$B$18)/E$25} -> 0
A32: Daily Power Points Income | B32: {=SUM(B$3:B$18*'ValueTransfer'!$C$3:$C$18)/B$25} -> 14.268493 | C32: {=SUM(C$3:C$18*'ValueTransfer'!$C$3:$C$18)/C$25} -> 0 | D32: {=SUM(D$3:D$18*'ValueTransfer'!$C$3:$C$18)/D$25} -> 0 | E32: {=SUM(E$3:E$18*'ValueTransfer'!$C$3:$C$18)/E$25} -> 0
A33: Daily Credits Income | B33: {=SUM(B$3:B$18*'ValueTransfer'!$D$3:$D$18)/B$25} -> 11.572603 | C33: {=SUM(C$3:C$18*'ValueTransfer'!$D$3:$D$18)/C$25} -> 0 | D33: {=SUM(D$3:D$18*'ValueTransfer'!$D$3:$D$18)/D$25} -> 0 | E33: {=SUM(E$3:E$18*'ValueTransfer'!$D$3:$D$18)/E$25} -> 0
A34: Daily Bling Income | B34: {=SUM(B$3:B$18*'ValueTransfer'!$E$3:$E$18)/B$25} -> 0 | C34: {=SUM(C$3:C$18*'ValueTransfer'!$E$3:$E$18)/C$25} -> 0 | D34: {=SUM(D$3:D$18*'ValueTransfer'!$E$3:$E$18)/D$25} -> 0 | E34: {=SUM(E$3:E$18*'ValueTransfer'!$E$3:$E$18)/E$25} -> 0
A36: Sources | B36: https://brawlstars.fandom.com/wiki/Brawl_Stars_Championship

Sheet ValueTransfer
A1: Value Transfers
B2: Coins | C2: Power Points | D2: Credits | E2: Bling | F2: Gems
A3: Coins | B3: 1 | C3: 0 | D3: 0 | E3: 0 | F3: 0
A4: Power Points | B4: 0 | C4: 1 | D4: 0 | E4: 0 | F4: 0
A5: Credits | B5: 0 | C5: 0 | D5: 1 | E5: 0 | F5: 0
A6: Bling | B6: 0 | C6: 0 | D6: 0 | E6: 1 | F6: 0
A7: Gems | B7: 0 | C7: 0 | D7: 0 | E7: 0 | F7: 1
A8: Brawler Key | B8: 0 | C8: 0 | D8: 950 | E8: 0 | F8: 0
A9: Resource Key | B9: 0 | C9: 2000 | D9: 0 | E9: 0 | F9: 0
A10: Buffie (or Key) | B10: 1000 | C10: 2000 | D10: 0 | E10: 0 | F10: 0
A11: Starr Drop | B11: 70.4 | C11: 13.8 | D11: 8.7 | E11: 0 | F11: 0
A12: Epic Drop | B12: 70.4 | C12: 13.8 | D12: 8.7 | E12: 0 | F12: 0
A13: Mythic Drop | B13: 70.4 | C13: 13.8 | D13: 8.7 | E13: 0 | F13: 0
A14: Legendary Drop | B14: 70.4 | C14: 13.8 | D14: 8.7 | E14: 0 | F14: 0
... A18: XP | B18: 0 | C18: 0 | D18: 0 | E18: 0 | F18: 0
A19: Mega Box

Sheet Total daily income
A1: Total daily income
A3: Coins | B3: {='Brawl Pass'!B31+'Ranked Pass'!B31+'Daily Play'!C31+'Standard events'!B31+#REF!}
A4: Power Points | B4: {='Brawl Pass'!B32+'Ranked Pass'!B32+'Daily Play'!C32+'Standard events'!B32+#REF!}
A5: Credits | B5: {='Brawl Pass'!B33+'Ranked Pass'!B33+'Daily Play'!C33+'Standard events'!B33+#REF!}
A6: Bling | B6: {='Brawl Pass'!B34+'Ranked Pass'!B34+'Daily Play'!C34+'Standard events'!B34+#REF!}
